id_num,pic_id,Text,Metaphor,Target,Target category,Source,Source category,sentiment,Metaphor_2,yudi,annotation
6,51344.jpg,京东国际人京东入超级品类日3件5折33京东国际超级品类日立即抢购561650066仅限部分商品可用活动时间22633,1,护肤品,12,水,10,0.0,0,7,1
7,74886.jpg,小快京东秒杀爆款面膜买1赠1燕窝精粹拥有水嫩肌肤20燕窝京东小迷糊,0,,,,,0.0,0,,1
16,70995.jpg,代西子1玉容花养持妆粉底液外持妆内养妆,1,护肤品,12,百合,10,1.0,0,7,1
19,57571.jpg,苏宁国际进口母婴尖货抢99减50元神券039儿,0,,,,,1.0,0,,1
21,61336.jpg,品牌闪购大牌闪购专场百雀羚美妆护肤部分买一送一,1,口红,12,星光,8,0.0,0,3,1
24,60967.jpg,专京东如的节白里挑一尽情美丽买1享10件礼立即抢购30仅限部分美妆商品,1,护肤品,12,水,10,1.0,0,7,1
31,58059.jpg,自然旋律唯品会特卖旺欢书双效净肤这组硫定了同价111个抢先购低至42元2瓶累计爆卖66净会部508净含量1508,1,护肤品,12,植物,11,1.0,0,7,1
43,a3757.jpg,淘清新果香让宝宝爱上刷牙专为6岁以下宝宝研制小流熊儿童乳牙宝牙膏儿童乳牙宝活动到手价温和呵护乳牙温和呵护乳牙会钙配方对抗娃合钙配方对抗鞋牙10防草蛋果查2争含量7净含量709无氟含钙配方软性磨料不伤牙木糖醇固齿添加钙成分不含采用高品质软性硅含益牙木糖醇维氟适合宝宝使用磨料不伤牙釉质生素蜂胶精华,1,牙膏,12,草莓,10,1.0,0,3,1
44,a1962.jpg,水能力防晒遇水加乘防水防汗持久耐晒轻松防晒一喷一抹搭档防晒效果真明显立即购买全国包邮货到付款35多维光护防暖隔离防护喷安,0,,,,,1.0,0,,1
45,51343.jpg,滋源精油奢护莹亮顺滑邢昭林力荐低至39元滋源天社油头皮护理凝萃润泽奢养精油护发素辅油润养莹亮顺滑台量400唯品会品牌特卖就是超值,1,护肤品,12,植物,6,0.0,0,7,1
47,61964.jpg,京东国际2大牌直隆1111好物狂欢盛典2213881990017,1,奶粉,12,跑道,12,1.0,0,8,1
49,18475.jpg,春日心动社万物皆可爱多劳爆款直降,1,护肤品,12,花,12,1.0,0,3,1
55,4599.jpg,健康年货满意加倍每满300减40场臣信健蛋白粉首存佳维牌多种维生素矿物质片11453388517办金量4509一本品不能警代药物,0,,,,,1.0,0,,1
56,a5577.jpg,永东珍市京东超市佳洁士京东超市99周年庆爆款低至99元佳洁士佳洁士3烤白炫白锁白政尚技术改尚技术致尚技术超值装仪限部分参与,1,牙膏,12,冰雪,10,0.0,0,3,1
61,16875.jpg,京东5超级品类日志高智能芯片多功能模式全方位按摩为您缓解压力小家电超级品类日,0,,,,,0.0,0,,1
63,6401.jpg,大牌神苏日蓝月亮亮白增艳洗衣液领券99减55立即购买蓝月克,1,洗衣液,12,薰衣草,6,0.0,0,3,1
64,65835.jpg,99减88抢月明茶情福满中秋益益中含量357克青河茶热装中华老字号大益茶74521901,0,,,,,1.0,0,,1
67,47547.jpg,905湘西美技节抢爆款买1套送1套量唯品会都是好牌子天天有3折品牌特卖全网明星套装底价入立即抢购,0,,,,,1.0,0,,1
72,15834.jpg,舞珀莱雅抗初老星品紧致礼盒装唯品会品牌特卖就是超值,0,,,,,0.0,0,,1
75,27050.jpg,品牌利杀著存年货盛宴健康相伴领券399减100警存佳维牌钙尔奇多种维生素矿物质片添佳片锌大本品不能替代药品京东,0,,,,,1.0,0,,1
76,31368.jpg,唯品会品牌特卖全场至高买1享13件礼0元抢玻色因眼霜第二瓶量低至22折即刻抢购06,0,,,,,0.0,0,,1
81,90550.jpg,唯品会推荐唯品会品牌特卖就是超值唯品会品牌特卖欧诗漫上唯品会看看,0,,,,,0.0,0,,1
85,62990.jpg,京东超级品牌日抢199减198神券1222蒙牛京东超级品牌日图秀牛纯牛奶京东蒙牛,0,,,,,0.0,0,,1
88,46401.jpg,羽西0元抢爆品第二套量买正装送正装豪礼立即抢购唯品会品牌特卖就是超值,1,护肤品,12,千纸鹤,12,0.0,0,7,1
91,28910.jpg,品牌门购爆款低至5折人气洁面001元秒悦诗风吟超级大牌闪购日,1,护肤品,12,水波,10,0.0,0,7,1
92,36659.jpg,专京东地的节一她她的节美妆会场一领券满600减50时尚辣妈护肤肌密立即抢购武仅限部分美妆商品,1,护肤品,12,钻石,10,1.0,0,7,1
93,74009.jpg,唯品合128特卖大会1月1912月14凡典润林经唇单个只需17元立即抢购2502779,1,护肤品,12,玫瑰,12,1.0,0,3,1
95,72856.jpg,雀巢咖啡夺罐豪花100扫码中奖为俪神助攻雀巢咖啡原醇香滑二,1,礼品,12,高楼,12,1.0,0,5,1
97,2045.jpg,京东超市京东超市周年庆全城热爱国货好价爆款直降惠氏立即抢购26启赋惠氏铂臻万奶,1,奶粉,12,草原,11,1.0,0,7,1
99,48451.jpg,唯品合品牌特卖就是超值低至24折包起人气爆款纸尿裤码品牌钜惠60元,0,,,,,1.0,0,,1
103,32009.jpg,唯品会推荐唯品会品牌特卖就是超值2尊享装上唯品会看看,0,,,,,0.0,0,,1
105,64169.jpg,唯品合就是超值品牌特卖专柜直采樱花水200油皮亲妈细毛孔防闭口樱花微精华露特卖价625雅诗兰黛商品价格及库存变动具体以唯品会实际情况为准,0,,,,,1.0,0,,1
107,63321.jpg,植物清洁安全无残留低至45元瓶都是好牌子天天有3折,0,,,,,1.0,0,,1
108,81301.jpg,1111雕展案特卖狂欢节欧涛漫134元抢9大件黄子韬同款焕亮发光肌满300减305片欧协遗珍珠白净送润白排华校,1,护肤品,12,珍珠,10,1.0,0,3,1
111,48373.jpg,京东超市品牌特夫蒙牛至省至真家东照市抢199减蒙牛大牌钜惠100种券830330部分商品881风味酸奶19公量20010盘超市点击京东首页进京东超市享更多优惠,1,酸奶,10,黄桃,10,0.0,0,3,1
115,23903.jpg,溪木源奶皮面膜水嫩修护女神专属正装尝新价8片自然的力最超子你超软汉本源山茶花唯品会品牌特卖就是超值,1,面膜,12,植物,6,0.0,0,7,1
119,46698.jpg,全京东超级品牌日抢199减198神券1222蒙牛京东超级品牌日蒙牛快牛纯甄纯牛经典原味牛奶京东聚牛,0,,,,,1.0,0,,1
123,8887.jpg,飘散椰奶香的女子不小心太性感清爽光滑肌肤持久留香整晚5001690体,1,护肤品,12,椰子,10,1.0,0,7,1
127,11377.jpg,唯品合自然堂品牌特卖清爽防晒不油腻防晒套装买1享6活动时间21900002282359白然堂1288424烟酰胺细致提亮安瓶面服,1,护肤品,12,雪山,11,1.0,0,3,1
135,a4108.jpg,苏宁易购中国香港美心流心奶黄月饼礼盒香浓流心奶黄双重烘焙8枚装3608限量领平台20元优惠券立即抢购美心流心奶黄1020,0,,,,,0.0,0,,1
139,29562.jpg,唯品合就是超值品牌特卖舒缓敏感改善泛红肌特卖价99欧诗漫商品价格及库存变动具体以唯品会实际情况为准,0,,,,,0.0,0,,1
142,78710.jpg,京东超市至省至真洁净嘉年华第二件0元品东立白茶籽洗洁精商去油一步到位蓝月宾地板清液威露士消毒液,1,清洁剂,10,海滩,11,0.0,0,8,1
148,48393.jpg,京东利杂博皓冲牙器5025蓝内附旅行便携袋168秒杀价202007062000开启京东秒杀,1,冲牙器,12,椰树,6,0.0,0,7,1
150,a3421.jpg,京东超市爆款直降一至省至真一叠享高额礼赠碧欧泉美妆品类日盛典京东超市至省至真仅限部分商品,0,,,,,0.0,0,,1
157,a6312.jpg,京东利米苏泊尔除螨仪16开启无螨净生活高频双拍打10大吸力199土市价299秒杀到手价点击查看京东秒杀,1,除螨仪,12,竹子,6,1.0,0,3,1
158,a1538.jpg,停京东母婴1111好物来袭美素佳儿大牌特惠皇家美来佳儿幼儿配方奶粉1236月3段,1,奶粉,10,牧场,13,1.0,0,7,1
160,33176.jpg,宁京东品牌闪购纯虾减19日抢199促销限部分商品3198纯甄风味酸贴纯甄纯新芒果百背果,0,,,,,1.0,0,,1
162,75608.jpg,苏宁易购爱恩倍厚实四层母婴专用抽纸洁净卫生丨亲肤无尘限时抢购具体以苏宁易购实时活动为准,1,纸抽,12,花朵,11,0.0,0,3,1
163,45107.jpg,唯品合就是超值品牌特卖台套装内赠悦藏水乳套装清爽型洗面膏下单即享护肤双重礼肉自自带活面尼洛网化妆棉一百片赋能紧致凝时养护特卖价资生堂998商品价格及库存变动具体以唯品会实际情况为准,0,,,,,0.0,0,,1
164,36650.jpg,京东3305重构想象白条6期免息,1,手机,12,水,10,0.0,0,7,1
167,28395.jpg,真正火遍全球阿迪达斯羽绒服1元1件立即抢购限时限量,0,,,,,0.0,0,,1
169,14825.jpg,苏宁易购2件8折133件7折可悠然美肌沐浴露活动价402半3,1,沐浴露,10,花朵,12,1.0,0,3,1
170,14242.jpg,苏宁易购81830818燃爆全球疯抢99减50神券爆款第2件0元,0,,,,,0.0,0,,1
171,39254.jpg,品牌汤购伊肤泉品牌闪购专场2件8折3件7折8,0,,,,,1.0,0,,1
175,84125.jpg,百雀羚科技新草本部分满199减100紧致淡纹抵抗初老5657百雀粉,1,护肤品,12,藤曼,11,1.0,0,7,1
176,36507.jpg,久家装节多乐士洗一京东秋季家装节一每满300减60多乐士油漆涂料多乐士致悦抗甲醛无添加,1,涂料,12,植物,6,1.0,0,3,1
178,62030.jpg,百雀羚995酵母精华定金至高抵3倍菁萃原液抗老修复,1,护肤品,12,百灵鸟,7,0.0,0,3,1
179,88276.jpg,唯品会就是超值品牌特卖专白松鲜苗批取物和抗筑成分钱换活肌底呈更迷润光制机联润泽焕活机底378商品价格及库存变动具体以唯品会实际情况为准,0,,,,,0.0,0,,1
186,4815.jpg,灵芝礼盒低至288元唯品会都是好牌子天天有3折品牌特卖改善熬夜肌红润气色立即抢购,0,,,,,1.0,0,,1
188,58730.jpg,舒比奇超薄透气单片低至095元唯品会品牌特卖就是超值15888815088,1,纸尿裤,12,云朵,8,0.0,0,3,1
191,20959.jpg,唯品合就是超值品牌特卖专柜直采微精华200干皮救星超水润超澎弹肌初赋活原生液特卖价739雅诗兰黛商品价格及库存变动具体以唯品会实际情况为准,0,,,,,1.0,0,,1
192,51160.jpg,服饰美妆好物速递低至3折百雀羚,1,护肤品,12,藤曼,11,0.0,0,7,1
193,24443.jpg,京东利染阿道夫洗护盛宴爆款低至5折京东秒杀,1,洗发水,12,丝带,12,1.0,0,3,1
200,59328.jpg,苏宁易购一专进务伊利金典纯牛奶优质蛋白原生高钙顺新开纸源自甄选牧场10293612,1,牛奶,10,草原,13,0.0,0,7,1
204,a2805.jpg,京东美妆自然堂年满199减100国潮当道妆出腔调12自达笠展时鲜印冰肌水,0,,,,,0.0,0,,1
209,82872.jpg,京东超市至省至真真爱新品出道奥妙爆款直降领券享优惠立刻抢购衣物欧画液10大衣会净金51805,1,洗衣液,12,盾牌,12,1.0,0,1,1
212,26025.jpg,苏宁易购黑人新款好物热销爆品限时抢购原人激口水请心缘茶具体以苏宁易购实时活动为准,1,漱口水,12,植物,6,1.0,0,3,1
213,88320.jpg,小明京东利米爆款面膜买1赠1燕窝精粹拥有水嫩肌肤20小明京东小迷糊,1,护肤品,12,时钟轮盘,12,0.0,0,8,1
221,67263.jpg,零京东11京东八超级品牌日巴黎欧莱雅买1套送12件礼立即抢购视黄醇淡纹,1,护肤品,12,花朵,11,1.0,0,3,1
223,81353.jpg,停京东科技新草本至高买1享11调理肌肤淡化可见纹,1,护肤品,12,花朵,11,0.0,0,7,1
229,74246.jpg,唯品会帮宝通品牌特卖10低至元片起清新帮爆款3怡宝通清新帮拉拉裤,1,拉拉裤,12,雪景,11,1.0,0,3,1
230,47236.jpg,白然堂部分满满3件享5折提亮肤色细致肌肤自然堂自然堂4烟酰胺4烟酰胶细致提亮安瓶面颜,1,护肤品,12,雪,11,0.0,0,3,1
232,48257.jpg,京东利保暑价狂欢鲜活一夏直降加赠多重好礼京东,1,护肤品,12,花朵,12,0.0,0,7,1
234,28059.jpg,苏宁易购年货彩好年货上苏宁跨店每300减40美妆年货节年货节苏宁年货节官方正品在苏宁,0,,,,,1.0,0,,1
235,18815.jpg,明星同款维增强抵御全场低至1折5001唯品会品牌特卖就是超值,1,营养品,12,植物,6,1.0,0,7,1
237,90075.jpg,美如你所愿军高买1送21件礼奢享活动时间12月18日12月25日,0,,,,,1.0,0,,1
238,42568.jpg,等京乐多维元素片21好药护健康大促特惠开启21金维他2121金维他多维元南片200100片金鲜他21金维他价物质100展药业请按药品说明书或者在药师指导下购买使用,1,元素片,12,植物,6,1.0,0,7,1
241,73151.jpg,京东利涂淡退器哑肌肤鲜活透亮御泥坊晶亮红石榴亮肤套装御泥坊泥坊临夹红石烟养联水晶夹红石福具液京东,1,护肤品,12,石榴,10,1.0,0,7,1
243,25789.jpg,419唯品会自然堂1次带走40片特惠植物面膜国货装活动时间4月16日20004月26日1000人65,0,,,,,0.0,0,,1
245,61028.jpg,1京东会员惠氏启赋有机奶粉3段领券低至299元专享百亿补贴活动时间5月8日全有机乳糖医家和人体有机乳源蛋白有机乳源钙净含量90913鱼民方奶粉1236月品39,1,奶粉,10,分子,10,0.0,0,7,1
246,a2446.jpg,新白药大健康3件95折云南白药创可贴有药好得更快些云南白药创可贴云南白药创可贴云南白药创可经济型上血正血云南和药创可贴20方南石药创可赔此药品为非处方药请按药品说明书或在医师指导下购买和使用,0,,,,,0.0,0,,1
249,75411.jpg,京东超市一至件童具牛运当头无解可击家牛领券满69减50京东超市至省至真牛蒙牛部分商品使用百高钙道尚50东天酒指3825011,1,牛奶,10,草原,13,1.0,0,7,1
251,18531.jpg,京东国际众京东超级品类日3件5折33京东国际超级品类日立即抢购仅限部分商品可用活动时间22633,1,护肤品,12,水,10,1.0,0,7,1
254,a1512.jpg,品牌利米正官庄品牌秒杀部低至7折立即购买高丽参元京东秒杀,1,补品,12,植物,11,0.0,0,7,1
261,a6161.jpg,京东422不度茶一份真发美妆年终狂欢购至高奢享1099元后礼后护肤套装,0,,,,,0.0,0,,1
263,13624.jpg,品牌汤购膜法世家面膜专场介一部分满199减100商品立即抢购展法世家,1,面膜,12,花,6,1.0,0,7,1
265,42293.jpg,京东超市全城热爱大牌特惠京东超市至省至真幼儿配方奶粉1236月龄3段,0,,,,,1.0,0,,1
0-1,1050.jpg,12.8半亩花田12月1日12月14日微米级泡沫洗净毛孔54元抢2瓶不需要节省200大容量12月9号20:00-12月14号10:00,1,洗面奶,12,雪,8,1.0,1,3,0
0-2,1096.jpg,苏宁易购嗨购五一长效抵御紫外线兰蔻防晒小白管活动价345,1,防晒霜,12,花,11,1.0,1,7,0
0-3,1270.jpg,半亩花田精研植物护肤惊喜到手价25元欧盟有机认证氨基酸 米酵氨基酸泡泡洁面慕斯,1,洁面慕斯,12,云,8,0.0,1,3,0
0-4,1302.jpg,京东秒杀 爆款面膜99元3件小分子玻尿酸敷出水光肌子99元63片小水库,1,面膜,12,水,10,1.0,1,7,0
0-5,1380.jpg,唯品会自然堂品牌特卖一套肌肤水盈饱满补水保湿买1享7活动时间2月27日20:00-3月9日10:00,1,护肤品,12,水,10,0.0,1,7,0
0-6,1422.jpg,专苏宁易则8183日式好物大赏99任选5,1,面霜,12,水,10,0.0,1,7,0
0-7,1438.jpg,唯品会品牌特卖欧待漫买1送1仅445元只早春必囤防晒再送面膜2片,1,防晒霜,12,樱花,11,1.0,1,3,0
0-8,1606.jpg,京东秒杀薇姿净颜祛痘精华秒杀钜惠限时秒杀138抢赠洁面嗜喱600京东薇姿自营旗舰店,1,祛痘精华,12,水,10,0.0,1,3,0
0-9,188.jpg,丸美东方眼部护理专家明星同款水嫩肌肤推荐樱花粉水买200得400,1,护肤品,12,樱花,11,1.0,1,3,0
0-10,2118.jpg,善草纪平衡水油清爽一夏仅限3天到手价178元活动时间4月16日4月18日生6唯品会品牌特卖就是超值,1,护肤品,12,叶子,11,1.0,1,3,0
0-11,219.jpg,京妆新斋鉴高倍防晒至高买1享6宝可梦限量款皮卡丘即刻预定,1,防晒霜,12,皮卡丘,12,1.0,1,3,0
0-12,2673.jpg,品牌购爆款低至5折人气洁面0.01元秒悦诗风吟超级大牌闪购,1,护肤品,12,叶子,11,0.0,1,7,0
0-13,2791.jpg,京东秒器美肤宝1999 2件7.5折赠正装水粉嫩肌肤和暗沉说拜拜,1,护肤品,12,樱花,11,1.0,1,3,0
0-14,2834.jpg,华熙生物润百颜智慧玻尿酸支支鲜活,1,玻尿酸,12,水,10,1.0,1,7,0
0-15,3200.jpg,品牌闪购忆丽贝萝精选护肤爆款直降,1,护肤品,12,水,10,0.0,1,7,0
0-16,331.jpg,京东美妆一叶子抢爆款买1送1救急小白盒,1,面膜,12,水,10,0.0,1,7,0
0-17,3358.jpg,大牌闪购日奥洛菲护肤专场低至9.9元立即抢购法国黄金山脉活泉,1,护肤品,12,叶子,11,1.0,1,7,0
0-18,3372.jpg,京东美妆一叶子店铺爆款买1送1保湿剔透水嫩肤感 弹滑天才,1,面膜,12,水,10,0.0,1,7,0
0-19,3530.jpg,百雀羚科技新草抢一次带走50片天然温泉水补水不刺激,1,面膜,12,水,10,0.0,1,7,0
0-20,4338.jpg,品牌闪购万宁美妆个护闪购专场爆款每满199减100净深层净澈卸妆水,1,卸妆水,12,水,10,0.0,1,7,0
0-21,4581.jpg,京东美妆韩束店铺爆款买1送1韩束红石榴鲜活水盈五件套排浊提亮好气色,1,护肤品,12,石榴,10,1.0,1,3,0
0-22,35483.jpg,苏宁易购帮宝适拉拉裤加大号108片买就送一级帮拉拉裤179到手价船宝适超薄干卖109拉拉裤,0,,,,,0.0,0,,0
0-23,761.jpg,零京乐明星精粹宠肤礼盒1111预约赠2636元23件礼雪花秀雪花秀百花秀,0,,,,,0.0,0,,0
0-24,a3932.jpg,1299抢购价立即抢购,1,手机,12,自然景色,13,0.0,1,1,0
0-25,8673.jpg,唯品合419品牌特实节4月16日4月268贝拉米有机2高能配方低至268元糖,1,奶粉,10,草原,11,0.0,1,7,0
1,72680.jpg,苏宁易购五羊婴儿洗发沐浴露二合一1第二件半价立印抢购,0,,,,,,0,,0
2,43474.jpg,苏宁国际导宝裤护新生花王低至68包22946元,0,,,,,,0,,0
3,4288.jpg,京东美妆韩束肌肤自带水光由内而外统放光泽店铺爆款买1送1,0,,,,,,0,,0
4,a4890.jpg,用黑科技让家一尘不染新年新潮电仅限部分商品,0,,,,,,0,,0
5,91659.jpg,京东潮流小家电28天改善全脸肤质改写肌龄定格年轻,0,,,,,,0,,0
8,44071.jpg,京东美妆一叶子送1抢爆款买1密集补水高效保湿滋润叶子,0,,,,,,0,,0
9,58771.jpg,京东九芝堂源自1650年女性健康大牌联盟99元健康好物低至九芝堂驴胶补血颗粒无席馆8克装30装盒九芝堂股份有限公司此药品为非处方药请按药品说明书或在药师指导下购买和使用,0,,,,,,0,,0
10,41289.jpg,零京东0元入会199享星品体验1111抢先预约正装买1赠1百花秀雪花秀雪花秀133837718288920回购券满199使用,0,,,,,,0,,0
11,79932.jpg,京东超市一至告至真满199减100饮爆盛夏仅限部分商品京东超市至省至真超市自山水1农夫山泉,0,,,,,,0,,0
12,60444.jpg,苏宁易购宜婴空调纸尿裤99活动价羊超薄柔软干爽透气空调纸尿裤迷你装28元0040,0,,,,,,0,,0
13,58737.jpg,苏宁易购1年货2官方正品保证尤妮佳纸尿裤畅透46片79活动价4442尤妮佳,0,,,,,,0,,0
14,85155.jpg,7月母婴会员日满399减100抢399减100优惠券金锁记修护幼儿配方奶粉菁垫爱他美亭1236月龄3段幼儿配方奶粉幼儿配方奶36月韵114006137仅部分商品参与,0,,,,,,0,,0
15,16107.jpg,京东利染优选长白山产味浓西洋参活动时间7月11日22点7月12日22点车品不馆管信药品98价福更海务西洋参2净含量250克京东秒杀,0,,,,,,0,,0
17,81546.jpg,128会特卖大会12月1日12月14日聚珀莱雅新品钜惠加享卸妆水160唯品会品牌特卖克就是超值,0,,,,,,0,,0
18,6974.jpg,飞鹤大牌特惠京东母婴年货节幼儿配方奶粉1236月路3段,0,,,,,,0,,0
20,a2769.jpg,京东美妆百雀羚抢至高买1享11紧致淡纹抵抗初老百做浴,0,,,,,,0,,0
22,33377.jpg,京东小魔方锐澳鸡尾酒无边界碰撞大势新品赏锐澳热红酒风味爆款直降瓜分千万京豆乐享圣诞新品微速微醇热红活员味,0,,,,,,0,,0
23,90.jpg,京东超市至省至真洁净嘉年华家清纸品第二件0元部分蓝月亮爆款直降机洗神器蓝月党蓝月完蓝月亮手洗专用克衣文91509中30660,0,,,,,,0,,0
25,64678.jpg,飞鹤奶粉新客卷满99减10国货智选领鲜未来全飞帆幼儿配方奶粉1236月龄3段叶黄家,0,,,,,,0,,0
26,82841.jpg,京东日9月30日盛大开售油皮抗老轻如空气买1享赠超1正装量大红瓶空气霜,0,,,,,,0,,0
27,42552.jpg,京东七多节京腺品类日服满499减100,0,,,,,,0,,0
28,85523.jpg,京东国际京东国际6周年庆2件8折3件7折在家就有星享受世界因你而精彩部分商晶可,0,,,,,,0,,0
29,22753.jpg,羽西唯品会品牌特卖全场至高买1享13件礼清乳洁水乳抢享4瓶灵芝正装量抢套到手门1件礼降直降192族复371专柜价专柜价日花价480元日芯价1010元1288立即抢购699低至立即抢购水乳日晚霜赠喷雾精华正装量赠日霜眼霜正装量直牌直降270320专柜价专柜价570260元日常价日意价360640立即抢购立即抢购活动时间12月21日100012月28日0959,0,,,,,,0,,0
30,67179.jpg,京东29超级越茶节9199宝洁超级秒杀日佳洁士热感美白牙膏部分2件5折立即抢购8,0,,,,,,0,,0
32,a3093.jpg,娇韵诗光芒小瓷瓶通透白会呼吸即刻拥有年的此花事大临,0,,,,,,0,,0
33,34725.jpg,舒比奇舒比奇婴儿尿裤抢神券满199减60舒比奇158仅限部分商品32片立即抢购,0,,,,,,0,,0
34,11169.jpg,京东京晖品类日电吹风1件9折2件85折部分商品可用,0,,,,,,0,,0
35,9612.jpg,中京东地的节21金维他健康为美自营药房抢199减100元券多维元素片21金维他00维他此药品为非处方药请按药品说明书或在药师指导下购买和便用,0,,,,,,0,,0
36,a2471.jpg,广京东小魔方兰蔻传奇厂小黑瓶立即抢购,0,,,,,,0,,0
37,32817.jpg,京东超市金领冠中国专意配方珍稀草饲天生宝护抢神券满199减1000京东超市至省至真超市金领冠金领冠金领冠珍护幼儿配方奶粉幼儿配方奶粉11236月龄3段1236月龄3段2200810241,0,,,,,,0,,0
38,29090.jpg,品牌闪购可丽金美妆专场爆款直降0,0,,,,,,0,,0
39,57614.jpg,13完美日记金丝绒唇釉99元带走4支全新系列奢华闪耀立即抢购,0,,,,,,0,,0
40,a3178.jpg,京东利米兰蔻品牌秒杀大牌特惠兰蔻小黑瓶全新肌底精华液立即抢购京东秒杀,0,,,,,,0,,0
41,38371.jpg,零京东久她的节力乘风破浪美力护航领券满149减100力士沐浴乳花警场净含量5509中含量5509晶透采巴西热叶天处炸馆力11肤沐浴乳净含量1千克部分参与,0,,,,,,0,,0
42,78658.jpg,京东利米安佳牛奶专场8件安佳安佳01906斯西兰进口精防新西兰进口脱脂脱脂超高温灭菌乳净公服2508升净多服258京东,0,,,,,,0,,0
46,90562.jpg,全纸品牌白苏宁国际花式宠娃王牌呵护抢100元神券电话1013383126,0,,,,,,0,,0
48,2237.jpg,唯品会自然堂品牌特卖素颜霜买1送一抹提亮自然水光活动时间3月9日10003月31日235999元两瓶白然堂亮透水光素颜霜惠马拉雅冰川水白花复合物,0,,,,,,0,,0
50,88462.jpg,百雀羚科技新草本爆款买1赠1诞愿有礼活动时间12月18日12月25日,0,,,,,,0,,0
51,3909.jpg,11京东全球热爱季京东百亿补贴优惠享不停戴森吸全器电惠来角角落落清扫一应俱全可净享生活,0,,,,,,0,,0
52,9295.jpg,京东超市部分每满199减100真香京东超市至省至真澳牧零拉裤裤护舒宝关德亚安栗希纯牛奶2高洁丝20纯甄8话358少女能电240元,0,,,,,,0,,0
53,65753.jpg,累了一天放松下送长辈正合适新潮电焕新你的生活开工来电好礼,0,,,,,,0,,0
54,12431.jpg,木海清力荐柔薄拉拉裤码低至13元片唯品会品牌特卖就是超值橄榄润肤营号08057大面88片通用于158上,0,,,,,,0,,0
57,59422.jpg,大牌京东利乐沙杀日舒肤佳大牌秒杀日爆款买1送1沐浴露国货好价,0,,,,,,0,,0
58,a5145.jpg,京东超市安慕希重燃2020一起安幕希花8199减198机务京东超市至省至真超市安慕希安慕希希路风味酸奶文味服址安慕带一起安蒙带数味净会量2050五品,0,,,,,,0,,0
59,8290.jpg,停京东安慕希大旗捷游日常温希腊风味酸牛奶抢99减88神券立即抢购安慕希安慕带1,0,,,,,,0,,0
60,17414.jpg,植护12包压花工艺湿水不易破一火热抢购中一品质好货立即抢购,0,,,,,,0,,0
62,27468.jpg,苏宁易购南极人足浴盆自动按摩滚轮活动价129,0,,,,,,0,,0
65,3933.jpg,唯品会白然堂品牌特卖套装买1享9提亮淡斑祖击暗沉3片1225424林肌水凝时水乳淡斑精华礼盒,0,,,,,,0,,0
66,52226.jpg,唯品会都是好牌子天天有3折品牌特卖,0,,,,,,0,,0
68,31377.jpg,京东利米丝塔美丝塔芙洁面乳591温和无泡敏感肌必入活动时间7月23日0点7月24日0点88秒杀价点击购买买即赠29乳液京京东秒杀,0,,,,,,0,,0
69,25672.jpg,木橄榄润肤纸尿裤拉拉裤摸得到的柔低至088元1月17日20点1月18日20点限量1000件橄榄橄榄润肤润肤图唯品会品牌特卖就是超值,0,,,,,,0,,0
70,52407.jpg,京东利洗福永海35秒杀价元黑芝麻丸买2送1时间7月23日22点7月24日2159分本品不能代替药物福束海黑芝麻丸欢选原料精心制作量216克零京东秒茶,0,,,,,,0,,0
71,49213.jpg,唯品会就是超值品牌特卖全球直采唯品自营400兰蔻大粉水特卖价229商品价格及库存变动具体以唯品会实际情况为准,0,,,,,,0,,0
73,47042.jpg,京东超市一至街至真夏日精致36计欧莱雅爆款直降京东超市至省至真超市卓韵箱,0,,,,,,0,,0
74,50515.jpg,128112月1日12月148全场低至7折奢宠星品买赠正装量,0,,,,,,0,,0
77,81614.jpg,苏宁易购康佳55时4电视升降摄像头2899到手价,0,,,,,,0,,0
78,11108.jpg,唯品会品牌特卖经典套装洁面调理养护眼护修护399补贴价元新手必入经典体验装晶透悦变万千擎爱,0,,,,,,0,,0
79,44976.jpg,唯品合228春李美妆节男珀莱雅美白先行抢到手11件唯品会品牌特卖就是超值,0,,,,,,0,,0
80,46832.jpg,红京东超级品牌日抢199减198神券1222蒙牛京东超级品牌日特色苏特色苏图禁牛蒙牛纯剪经典原味办含量2502含量250学京东蒙牛,0,,,,,,0,,0
82,21552.jpg,停京东自然堂部分3件5折瓶击退熬夜肌一京乐只为热塑行动,0,,,,,,0,,0
83,46909.jpg,88换新羽绒服99元起1111特卖开幕3折疯抢唯品快抢唯品唯品合就是品牌特卖超值科颜氏100正品自营顺丰包邮退换无忧专柜直采温和洁净调理肌肤金花洁责味时特卖价3929082折已抢74查看更多好物男装女装暖心内衣清仓清仓美校个折通动户外旺品快抢,0,,,,,,0,,0
84,76340.jpg,京东超市宝贝趴帮宝适品牌特惠,0,,,,,,0,,0
86,9135.jpg,氏温柔透气舒适干爽单片低至144元干爽透气54片唯品会品牌特卖就是超值557331,0,,,,,,0,,0
87,a1662.jpg,苏宁易购保温加厚玻璃小熊养生壶活动价1193,0,,,,,,0,,0
89,59762.jpg,苏宁易购帮宝适超薄干爽绿帮拉拉裤快速穿脱瞬吸干爽125到手价108,0,,,,,,0,,0
90,55356.jpg,京东利杂进口牛奶秒杀日领券满199享85折纯牛奶部分商品空业纯牛奶纯牛奶净含星200净会量2001,0,,,,,,0,,0
94,15283.jpg,品牌特卖一京东超市一动力满杯轻盈起飞雀巢咖啡领券满99减30京东超市至省至真手中大师部分商品可用,0,,,,,,0,,0
96,22543.jpg,苏宁易购欧风机03补贴10直接返现家电3消费节,0,,,,,,0,,0
98,33596.jpg,八事品会至高一次带走千元礼夏日盛典狂欢开秀唯品会都是好牌子天天有3折品牌特卖雪花秀,0,,,,,,0,,0
100,52123.jpg,1212联8全场低至6折爆款买1送1年终大赏狂欢热抢品牌护肤大使吴昕,0,,,,,,0,,0
101,51074.jpg,唯品会品牌特卖就是超值兰芝爆款直降128元再送10件礼轻妆芝态甜美入秋立即抢购,0,,,,,,0,,0
102,36724.jpg,夏日优选轻薄学步裤畅玩不漏乐动无忧单片低至103元海清推荐立即抢购天生有就直院天生有伦装儿学步拆62元任选唯品会都是好牌子天天有3折,0,,,,,,0,,0
104,59468.jpg,11京东全球热爱季11111数小仙炖小仙炖鲜炖燕窝连续三年全国销量领先预售抢鲜国,0,,,,,,0,,0
106,59156.jpg,1212唯品会特卖大会12月1日12月148欧诗漫买1套送1套热销10年焕白暗沉肌活动时间12月9日200012月14日1000,0,,,,,,0,,0
109,16869.jpg,大牌闪购买一送一立刻抢购明星爆款017059,0,,,,,,0,,0
110,74196.jpg,美肤宝1999五珍特惠套装唯品专享价255元唯品会都是好牌子天天有3折品牌特会冻龄美肌弹力紧致,0,,,,,,0,,0
112,1843.jpg,8苏宁易购面亿补贴蒙牛纯盟牛奶2000246252,0,,,,,,0,,0
113,53074.jpg,京东久她的节新肤佳乘风破浪美力护航领券满149减100舒肤佳11113813部分参与全机7205升,0,,,,,,0,,0
114,38598.jpg,京东健康一送她健康礼当如此一爆款38元限量抢立即抢购益生菌龙乐维爱乐维仓生元1415519709100本品不能替代药物请按药品说明书或者在药师指导下购买和使用,0,,,,,,0,,0
116,35261.jpg,唯品会品牌特卖欧诗漫199元抢美白9件同价1111全套淡斑焕亮活动时间3月3日10003月9日1000欧湾爱新升级国家专利美淡白斑,0,,,,,,0,,0
117,85679.jpg,京东秒杀好奇好奇铂金装拉拉裤48片满399减100秒杀价152好奇纸尿裤代言人张嘉倪京东好奇,0,,,,,,0,,0
118,59897.jpg,京东超市至省至真洁净嘉年华家清纸品部分第二件0元蓝月亮爆款直降蓝月竞蓝月究蓝月克手洗专用洗衣意专空部5008净316609,0,,,,,,0,,0
120,81853.jpg,京东美妆韩束每日一拍注入水光肌爆款买1送1红胶囊高保湿精华水韩东护肤代育人,0,,,,,,0,,0
121,54929.jpg,高露洁399元2支买两套赠好礼买2赠氨基酸189牙膏1,0,,,,,,0,,0
122,27603.jpg,唯品合128仅29元抢爆款1年量职乐冲洗唯品会品牌特卖就是超值,0,,,,,,0,,0
124,83319.jpg,京东超市萌宝食力爱氏晨曦爆款直降京东越市至省星真82纯纯纯牛奶奶奶人全服牛奶全所牛场办鑫盘2002310091008110088厚教进建百质净含维200净含量201净会量200,0,,,,,,0,,0
125,47978.jpg,唯品会就是超值品牌特卖08德国精工压力感应灯2种护齿腹式2000味东8211130管机电动手2造1二抢你的专属护理师德国精工洁净护龈特卖价296商品价格及库存变动具体以唯品会实际情况为准,0,,,,,,0,,0
126,13145.jpg,欧珀莱唯品会品牌特卖耀享秋日美肌抢至高买1享5活动时间9月8日20009月21日2000欧珀菜品牌大使李沁至高买1享5指活动期间购时光镜抗皱紧实眼看20赠时光锁胶原紧致水50时光锁胶原紧致乳40恒久肌底循环精华鑫加强型62加所购商品共5件商品赠品赠完即止具体以购物车结算页面显示为准,0,,,,,,0,,0
128,a1161.jpg,228唯品会河拉琪春李美妆节镜光系列唇釉晶透成膜397喜到手,0,,,,,,0,,0
129,88265.jpg,品牌门购满88送超值五件套联合利华闪购1千克,0,,,,,,0,,0
130,86875.jpg,除尘迎福焕新出彩奥妙爆款直降999务底菌酵索洁净,0,,,,,,0,,0
131,a5704.jpg,成就更好的我曼秀雷敦男士必教报音方指定护联合作品牌无惧传容醒肤聚致双效人参文高海透维生素口3话0419下单立减爽肤10肤的,0,,,,,,0,,0
132,19676.jpg,唯品会就是超值品牌特卖兰芝25人正在抢欣购买了此商品改菩肌肤偏灰暗淡肌肤光采提亮员3分钟的加入购物车面膜15隔离10隔离30官方投权海外直采特卖价189断折306,0,,,,,,0,,0
133,a3059.jpg,贝拉米低至248元罐贝拉米有机2奶粉1282唯品会品牌特卖就是超值,0,,,,,,0,,0
134,72777.jpg,苏号服购181830到手价87满1件88折福苏宁超市为你挑好的海飞丝洗发水套装7002送200,0,,,,,,0,,0
136,a2217.jpg,京东超市全城热爱超多周年庆生鲜好物等你来抢京东超市至省至真超市,0,,,,,,0,,0
137,74334.jpg,苏宁易购爆款好货超值优惠立即抢购邹下铠中杀软拥抱你拳和风礼盒装日式小圆饼2元送1包每份减流心溜莲饼,0,,,,,,0,,0
138,77939.jpg,京东111京东全球热爱军1111开启现货不等待抢买1送1同款立即抢购淡斑小白瓶大红瓶京东,0,,,,,,0,,0
140,56400.jpg,唯品会就是超值品牌特卖膜法世家25人正在抢膜法世家专研面胶14年本欢购买了此商品员3分钟的加入购物车1253联法世家膜法世家净老星1299净含量1250特卖价4528折折159,0,,,,,,0,,0
141,17478.jpg,学京东京东美妆自然堂自然堂美物馆部分每满199减100,0,,,,,,0,,0
143,86046.jpg,唯品会推荐唯品会品牌特卖就是超值柜直采修护经典深澈滋润海蓝之迷修护精华面霜爆款30上唯品会看看,0,,,,,,0,,0
144,14897.jpg,唯品会品牌特卖就是超值100正品自营顺丰包邮退换无忧专柜直采专家评估见证功效四净选肌肤376净透肌肤淡斑提亮区提亮光泽41四均匀肤色43国色泰沉淀49四淡化色斑399科颜氏409学54076折已抢74分事到喜欢公收藏商品揭秘更多爆款,0,,,,,,0,,0
145,31372.jpg,京东超市至省至真2件8折部分满199减35领券京年在一起有茶更有礼仅限部分商品使用会小青柑小青柑,0,,,,,,0,,0
146,79579.jpg,小熊每满300减309月15日京东电器超级品类日仅限部分商品,0,,,,,,0,,0
147,22242.jpg,零京东可醇抢99减88柠檬味碳酸饮料部分产品使用和我一起和我一起的海促的海你的深,0,,,,,,0,,0
149,32335.jpg,京东超市京东超市用年庆至省至真京东超市周年庆全城热爱199100减满洗衣液一次国够立即抢购,0,,,,,,0,,0
151,88923.jpg,京东利柒养娃开挂秒杀助攻好奇爆款直降尿裤品类秒杀日御级丝米,0,,,,,,0,,0
152,56336.jpg,品牌门购美妆护肤专场部分爆款2件5折83,0,,,,,,0,,0
153,57247.jpg,宁京东品类风系一泉东级市国漫书潮99爆品秒杀低至1京东超市至省至真至爱仅限部分商品健康加法维世线真茶十真柠栈一原味豆奶一6量物奶00净含聚260毫升250热升醇豆奶,0,,,,,,0,,0
154,18786.jpg,进阶宠爱奢享晶透唯品会都是好牌子天天有3折品牌特实神仙水至高享89210件礼,0,,,,,,0,,0
155,a5008.jpg,京东超市京东99超市周年庆至省至真911哆啦梦超纳第2件半价开启好物任意门力商口,0,,,,,,0,,0
156,51342.jpg,全场低至29折大红瓶好运美不停30,0,,,,,,0,,0
159,76926.jpg,唯品会品牌特卖全场低至28折大牌特卖重磅来装淡斑小白瓶光感小白瓶大红瓶30,0,,,,,,0,,0
161,54964.jpg,旺品公128掉发星人的强韧秘籍抢一次带走17405生要强根健发洗头水滋6护发武源生蓝强棋健发洗头水洗头水本455唯品会品牌特卖就是超值,0,,,,,,0,,0
165,14777.jpg,京东超市至省至真全新全意新潮年好物低至5折牙膏年货好价8古南白药仅限部分商品,0,,,,,,0,,0
166,77288.jpg,单片低至089元温柔透气舒适干爽立即抢购雅品合都是好牌子天天有3折133121319老量296包能生话90615350008,0,,,,,,0,,0
168,a4693.jpg,京东利深实力年轻不掉顿部分第2件半价百货路百优粉京东,0,,,,,,0,,0
172,82724.jpg,京东美妆糖珀莱雅水漾肌密护肤礼盒到手价229元送120喷雾面膜2片,0,,,,,,0,,0
173,a2017.jpg,湘西唯品会品牌特卖0元抢爆款第2套量全场至高买1享13件礼立即抢购3,0,,,,,,0,,0
174,49304.jpg,京东超市至省至真买年货延京东超市蓝月亮爆款直降京东超市至省至真蓝月亮蓝月亮4消毒液蓝月究,0,,,,,,0,,0
177,53039.jpg,苏宁易购183轻薄透气挑战闷热清新帮低至68元包活动时间4月23日4月25日母苏宁易购帮宝适清新帮格宝迎,0,,,,,,0,,0
180,22160.jpg,京东利深阿联满29950立即抢购阿胶京东秒杀本品不能替代药物,0,,,,,,0,,0
181,32041.jpg,品牌门购悦诗风吟超级大牌闪购日爆款不止5折人气洁面001元秒61561027160826803200斤,0,,,,,,0,,0
182,47010.jpg,九美东方眼部护理专室当季爆款防晒买40享80到手价89唯品会品牌特卖就是超值,0,,,,,,0,,0
183,13499.jpg,朗迪维生素3碳酸钙片19940领券满减请按药品说明书或者在药师指导下购买和使用碳酸钙3片碳酸钙3片每片含1500桌克维生房200田际单位1007100,0,,,,,,0,,0
184,63270.jpg,苏宁易购伊利健康活力纯牛奶奥运品质甄选原奶满2件打8折伊新纯牛奶纯牛奶品质营养富力向上32净合量2501具体以苏宁易购实时活动为准,0,,,,,,0,,0
185,23404.jpg,部分第2件0元除尘迎福焕新出彩立即抢购061619668,0,,,,,,0,,0
187,10815.jpg,停京东京东利品印尼源产全程追湖印尼进口燕窝礼盒100克本品不能替代药品京东秒杀,0,,,,,,0,,0
189,30097.jpg,品牌汤购闪购专场自然旋律精选爆款买1送1自然机计东净海路1508,0,,,,,,0,,0
190,22370.jpg,49自然堂一套肌肤水盈饱满补水保湿买1享7活动时间41620004261000190190冰肌水面膜冰川补水1片会1瓶冰肌水,0,,,,,,0,,0
194,12225.jpg,百雀羚科技新草本突破性高科技原初因实力年轻不掉顺淡化细纹紧致饱满是拍专有成分复合物肥方技术为商标名,0,,,,,,0,,0
195,90374.jpg,大牌神养日元正正山小种红茶抢99减88神券元正红茶,0,,,,,,0,,0
196,14980.jpg,注氧补水喷出水润肌立即购买全国包邮货到付款,0,,,,,,0,,0
197,63092.jpg,品牌汉购滋补养生闪购专场2件8折3件7折业,0,,,,,,0,,0
198,a2305.jpg,学京东大的神济日京春有礼牛气食足福临门压幢花生油抢99诚88神券部分商品使用家善袜油,0,,,,,,0,,0
199,59817.jpg,满199减60超市开门红特色苏蓝月究福贝贝城饭贴小苏宁易购年牌狂欢节事正当年终狂欢节,0,,,,,,0,,0
201,54744.jpg,唯品会品牌特卖就是超值全球直采唯品自营139美特斯邦108商品价格欢摩存安动具体以暖品会实际情况为准,0,,,,,,0,,0
202,90951.jpg,京东美妆百雀羚抢至高买1享11击退细纹闪耀年轻,0,,,,,,0,,0
203,62135.jpg,京东超市品牌特卖至省至真一京东超市冰点价放肆购爽感一即发部分2件85折仅限部分商品使用百事可乐百事可乐百事可乐可东业汽水书会量2008开味330号超市点击京东首页迎京东超市享更多优惠,0,,,,,,0,,0
205,37781.jpg,苏宁易购宠粉节开卡下单一单回本再送140元专享津贴神仙水新尚专享价下单立省7492791028,0,,,,,,0,,0
206,a5127.jpg,直降100元雪玲珑7件套京东秒杀,0,,,,,,0,,0
207,9082.jpg,欧珀莱唯品会品牌特卖恒久美丽无惧时光部分星品加赠正装活动时间9月5日20009月7日1000欧珀菜品牌大使李沁猫都分产品买障限正装产品具体买隔商品及价格以购物车招算贝面为准,0,,,,,,0,,0
208,25047.jpg,京京年在一起团圆更有味一第2件0元粮油米面金龙鱼五南大米福仅限部分商品可用金龙鱼玉米油6183,0,,,,,,0,,0
210,a2836.jpg,京东装机购物节英特尔1710700硬核5双第十代17,0,,,,,,0,,0
211,32883.jpg,唯品会品牌特卖欧诗漫红包减10抢抗初老6件紧致滋养时刻年轻弹润活动时间1月25日10002月4日1000抗初老新上市到家专利水塑10光颜减领完即止,0,,,,,,0,,0
214,70940.jpg,京东美妆199雾满100减夏日护肤好物推荐水光,0,,,,,,0,,0
215,22540.jpg,按摩椅2380低至潮电好物欢购,0,,,,,,0,,0
216,40820.jpg,京东超市至省至真抢99减88元神券春日心动社万物皆可爱仅限部分商品京东超市至省至真手膜花木星球中营清扬零吉,0,,,,,,0,,0
217,75889.jpg,学京东1鑫满300减60光甘草保湿雪肌美白面霜明星种草国货品牌9谷雨谷用美白修复常,0,,,,,,0,,0
218,66414.jpg,佳贝艾特部分低至5折商品羊奶好吸收激发宝宝自护力佳贝文特佳贝艾特悦白道用于36个月以上儿童市会800净密量800克幼儿配方羊奶粉1236月龄3段,0,,,,,,0,,0
219,22321.jpg,人京东入超级品类日明星同款精华合集一每满199减100228京东美妆超级品类日提前加购228全面开抢,0,,,,,,0,,0
220,25778.jpg,苏学国际1青春露230瓶爆款直降799到手价,0,,,,,,0,,0
222,a4647.jpg,苏宁易购芙丽芳丝净润洗面霜1008温和洁面99到手价,0,,,,,,0,,0
224,32804.jpg,学京东京东联名限量定制时光宝盒预约赠1811元11件礼京东,0,,,,,,0,,0
225,8905.jpg,京东利深福家海39元元砂杀价宁夏新货红构杞时间12月26日14点12月27日13点59分本品不能代替药物福来海500克京东秒杀,0,,,,,,0,,0
226,18561.jpg,租国特价资生堂集团个人护理用品旗舰店欢珀莱大牌特价日热卖爆款99元抢1,0,,,,,,0,,0
227,56898.jpg,京东久地的节乘风破浪美力护航满149减100领券玉兰油沐浴露和风楼花3南后菜莉东方白茶莉绿茶青销33烟就胶球尿酸净含量15水光沐浴露部分参与水光沐浴蜜水光爱来,0,,,,,,0,,0
228,76227.jpg,成东超市一宝食洁一大牌特惠京东超市至省至真,0,,,,,,0,,0
231,25026.jpg,零京东11美妆好物部分每满199减100商品品年65,0,,,,,,0,,0
233,33841.jpg,京东京东超市永东年修好窗节至街至真茗茶1212狂欢购领券满229减40京东超市至省至真进仅限部分商品参与电年01508,0,,,,,,0,,0
236,66505.jpg,黑珀莱雅到手6件礼盒装紧致弹润唯品会品牌特卖就是超值,0,,,,,,0,,0
239,60942.jpg,京东超市部分每满199减100真香京东超市至省至真子技有机晚安德亚安慕希纯牛奶20高洁丝丝丝薄棉柔纯甄服353128日月240用一起安装带,0,,,,,,0,,0
240,26100.jpg,翼珀莱雅紧致提拉比非天更年轻唯品会品牌特卖就是超值,0,,,,,,0,,0
242,75055.jpg,苏宁易购第宝适清新帮云感透气挑战0阿热1299立减100爆款满活动时间4月8日带宝进清新带3第宝透清新54母苏宁易购帮宝适清新帮,0,,,,,,0,,0
244,85577.jpg,唯品会11114特卖狂欢节紫致不培脸逆袭年轻肌抢爆款低至5折19991999唯品会品牌特卖就是超值,0,,,,,,0,,0
247,34120.jpg,京东利深巴黎欧菜雅欧莱雅大牌秒杀日欧莱雅全脸眼霜买赠两件领券减20京东秒杀,0,,,,,,0,,0
248,47098.jpg,京东利米169元2件秒杀价977月22号10点28人在福市12110京东,0,,,,,,0,,0
250,59824.jpg,百雀羚八京东至高买1享13百雀相依佳期有伴雷机净白选段,0,,,,,,0,,0
252,17323.jpg,得清七天嫩滑还你少女肌唯品会品牌特卖就是超值14014014040,0,,,,,,0,,0
253,42350.jpg,品牌闪购一仁和个护闪购专场一爆款买1赠1立即抢购美齿清新美齿清新360360,0,,,,,,0,,0
255,65909.jpg,京东超市至省至真2件8折3件7折满199减130花样玩咖啡尝上头京东超市至省至真服市仅限部分商品原醇香滑浓咖啡饮科原醇香滑净全量筑路509124218升原醇香滑,0,,,,,,0,,0
256,37490.jpg,雪花秀唯品会品牌特卖就是超值暖冬盛典秀礼狂欢爆卖套组到手劲省500元雪花秀香花秀雪花秀,0,,,,,,0,,0
257,77753.jpg,唯品会就是超值品牌特卖全球直采唯品自营108150立即抢购商品价格及所存变动具体以唯品会实际情况为准,0,,,,,,0,,0
258,a5908.jpg,京东利米会员享98折领券飞鹤大牌秒杀日网9练爱倍护幼儿配方奶粉1236月龄3段京东,0,,,,,,0,,0
259,25453.jpg,京东利米雪域洁水乳护肤套装密集补水水润肌肤下单立减20元自兴堂滋养眼贴膜京东,0,,,,,,0,,0
260,77938.jpg,沃尔玛硬核修护焕亮肌肤凡士林亚太区品牌代言人刘诗诗凡士林精华身体乳刘诗诗亲选,0,,,,,,0,,0
262,43175.jpg,品牌闵购北酸乳抢199减100神券优酸乳闪购大牌日优酸乳优酸乳,0,,,,,,0,,0
264,53841.jpg,零京东超有饭心一家乐理水一颖券满99减50吉尼斯洗护神器榜纪果保持者吉尼斯世界纪承仅限部分商品冲洗超市点击京东首页进京东超市享更多优惠,0,,,,,,0,,0
266,3375.jpg,品牌门购莱信闪购秒杀特惠全场8折满80再减10,0,,,,,,0,,0
267,64969.jpg,崔氏纤薄透气强力锁水单片低至118元古薄快吸92爆款立即抢购穗吸146唯品会品牌特卖就是超值,0,,,,,,0,,0
268,7954.jpg,图唯品会品牌电特卖现在买超划算品牌特卖就是超值自然旋律净彻毛孔久敷不拔干3折高人气清沽绿泥99抢深彻清洁细致毛孔68人正在浏览恒源祥森马,0,,,,,,0,,0
269,48158.jpg,苏宁易购112125大红瓶面霜509补水保湿修复肌肤远离时光损伤烦恼290活动价509,0,,,,,,0,,0
270,73642.jpg,唯品会自然堂品牌特卖素颜霜买1送一抹提亮无需卸妆活动时间12141000111000爆款泰颜霜白达堂亮透水光素颜箱自然堂亮透水光素颜籍喜马拉雅冰川水白花复合物,0,,,,,,0,,0
271,59144.jpg,爱恩倍母婴干湿两用抽纸足量300张湿水不易破苏宁易购品质好货一火热抢购中立即抢购,0,,,,,,0,,0
272,a3484.jpg,完美日1记人气彩妆星品钜惠全场15元起唯品会都是好牌子天天有3折品牌精卖,0,,,,,,0,,0
273,51280.jpg,品牌汤购云南文山道地三七三七粉国造建康人人共家本品不能替代药品,0,,,,,,0,,0
274,42789.jpg,大牌河购日庄臣超级大牌闪购日2件8折3件75折油污清洗剂猛先生威猛先生威猛先生横扫油姬横扫油垢横扫油垢净味清韵净味清制净味清粉,0,,,,,,0,,0
275,40488.jpg,女神尚新季领300减40购物津贴每300减50即刻选购苏宁易购全民焕新节,0,,,,,,0,,0
